Código do fundo;Setor;Preço Atual;Liquidez Diária;Dividendo;Dividend Yield;DY (3M) Acumulado;DY (6M) Acumulado;DY (12M) Acumulado;DY (3M) Média;DY (6M) Média;DY (12M) Média;DY Ano;Variação Preço;Rentab. Período;Rentab. Acumulada;Patrimônio Líq.;VPA;P/VPA;DY Patrimonial;Variação Patrimonial;Rentab. Patr. no Período;Rentab. Patr. Acumulada;Vacância Física;Vacância Financeira;Quantidade Ativos
FIVN11;Shoppings;3.00;9005;0.00;0.00;0.00;0.00;0.00;0.00;0.00;0.00;;0.00;0.00;0.00;72350178.26;7.69;0.39;;;;;56.00;;1
BZLI11;Títulos e Val Mob;17.90;8;0.00;0.00;0.00;0.00;0.00;0.00;0.00;0.00;0.00;0.68;0.68;1.14;448299746.09;10.77;1.66;;;;;;;0
XTED11;Lajes Corporativas;8.82;2223;0.00;0.00;0.00;0.00;0.00;0.00;0.00;0.00;0.00;1.10;1.10;-37.83;27688895.17;13.26;0.67;;;;;0.00;100.00;1
ALMI11;Lajes Corporativas;748.00;164;0.00;0.00;0.00;0.00;0.00;0.00;0.00;0.00;0.00;2.27;2.27;-28.29;224603756.71;220.24;0.37;;;;;64.05;;1
PABY11;Híbrido;12.54;31;0.00;0.00;0.00;0.00;0.00;0.00;0.00;0.00;0.00;-19.84;-19.84;-31.62;-12536949.41;-16.53;-0.76;;;;;;;1
ORPD11;Títulos e Val Mob;11.00;50;1.38;;;;;;;;;;;;42852349.31;147.77;0.07;;;;;;;0
GSFI11;Shoppings;5.09;5988;0.00;0.03;0.03;0.03;0.03;0.01;0.00;0.00;0.03;0.00;0.03;0.03;163395611.96;14.14;0.36;;;;;10.30;;10
PRSV11;Lajes Corporativas;125.01;2;1.62;0.42;1.53;2.91;5.95;0.51;0.48;0.50;4.46;5.30;5.74;-11.25;42481619.24;217.85;0.57;;;;;40.90;;2
FAMB11B;Lajes Corporativas;722.00;8;9.16;0.56;2.17;4.78;10.43;0.72;0.80;0.87;8.82;-47.80;-47.51;-47.80;313538497.89;2991.78;0.24;;;;;100.00;;1
FMOF11;Lajes Corporativas;51.11;10;0.64;;;;;;;;;;;;60304980.45;118.71;0.43;;;;;52.08;;1
HGRS11;Residencial;;;0.00;0.00;0.00;0.00;0.00;0.00;0.00;0.00;;0.00;0.00;0.00;151277514.01;101.33;;;;;;;;0
RBDS11;Residencial;3.61;18;0.00;0.00;0.00;0.00;0.00;0.00;0.00;0.00;0.00;0.00;0.00;0.00;251948.96;19.91;0.18;;;;;;;0
VXXV11;Outros;100.00;73;10.76;;;;;;;;;;;;261846981.83;987.05;1.01;;;;;;;0
HRDF11;Híbrido;0.94;1002;6.80;;;;;;;;;;;;8627784.08;1.14;0.83;;;;;;;0
CJCT11;Lajes Corporativas;65.00;145;0.00;;;;;;;;;;;;20616802.32;65.61;0.99;;;;;59.00;;1
CTXT11;Lajes Corporativas;11.40;249;0.09;0.39;0.78;1.36;5.53;0.26;0.23;0.46;1.36;-2.58;-2.20;-39.31;107663274.28;34.12;0.33;;;;;97.00;;1
SRVD11;Títulos e Val Mob;7.24;1;0.10;1.01;0.00;0.00;0.00;0.00;0.00;0.00;1.01;0.00;1.01;1.01;71199942.45;0.74;9.79;;;;;;;0
RBIR11;Residencial;59.86;359;0.00;0.00;0.00;0.00;0.00;0.00;0.00;0.00;0.00;0.00;0.00;0.00;145499599.99;95.18;0.63;;;;;;;0
CARE11;Híbrido;2.06;4207;0.00;0.23;0.66;1.36;1.60;0.22;0.23;0.13;1.36;-2.63;-2.41;5.65;290742466.56;8.13;0.25;;;;;;;0
RBGS11;Shoppings;28.45;5157;0.18;0.62;1.59;2.73;5.12;0.53;0.46;0.43;5.12;-1.90;-1.29;-28.71;97865283.71;90.78;0.31;0.18;0.00;0.18;1.17;13.00;;1
IBFF11;Títulos e Val Mob;66.40;1924;0.30;0.44;2.01;4.58;9.52;0.67;0.76;0.79;5.42;7.50;7.98;19.59;9855905.16;14.78;4.49;;;;;;;0
YUFI11B;Residencial;;;0.63;0.00;0.00;0.00;0.00;0.00;0.00;0.00;;0.00;0.00;0.00;50324959.86;102.15;;;;;;;;0
CORM11;Híbrido;99.42;20270;0.77;0.90;2.76;5.35;11.38;0.92;0.89;0.95;6.20;-2.97;-2.10;-4.27;85655510.06;84.20;1.18;;;;;;;0
BLCP11;Outros;91.00;123;0.56;0.62;1.72;3.46;6.64;0.57;0.58;0.55;5.31;-0.54;0.08;19.93;256580339.90;111.74;0.81;0.50;-0.02;0.49;15.81;6.20;;2
VVPR11;Híbrido;101.50;2211;0.89;0.88;2.47;4.88;9.73;0.82;0.81;0.81;6.57;2.01;2.91;15.95;22632234.18;98.03;1.04;;;;;0.00;;6
BTCR11;Títulos e Val Mob;88.00;6663;0.90;1.00;2.93;6.64;13.56;0.98;1.11;1.13;11.59;-6.19;-5.26;9.82;458252683.73;95.27;0.92;0.94;0.64;1.59;4.62;;;0
KNRE11;Residencial;0.69;6521;0.04;6.74;0.00;0.00;0.00;0.00;0.00;0.00;6.74;0.00;6.74;6.74;14209218.79;0.77;0.90;;;;;;;0
JRDM11;Shoppings;78.65;1204;0.65;0.84;2.27;4.38;8.67;0.76;0.73;0.72;6.64;-2.41;-1.60;17.06;223490739.85;88.58;0.89;1.29;-0.78;0.50;0.50;2.77;;1
FEXC11;Títulos e Val Mob;83.50;9153;0.95;0.00;0.00;0.00;0.00;0.00;0.00;0.00;;0.00;0.00;6.46;101470167.13;90.57;0.92;;;;;;;0
ARCT11;Híbrido;87.13;6496;0.39;0.44;2.13;4.81;13.92;0.71;0.80;1.16;13.92;-0.42;0.03;-7.05;369956160.07;99.77;0.87;0.76;0.04;0.80;6.31;;;4
JRDM11;Shoppings;78.65;1204;0.52;0.65;2.08;4.20;8.49;0.69;0.70;0.71;6.46;-0.05;0.60;19.67;223490739.85;88.58;0.89;1.29;-0.78;0.50;0.50;2.77;;1
TORD11;Outros;4.71;78398;0.05;0.93;2.57;5.12;11.45;0.86;0.85;0.95;0.93;0.00;0.93;0.93;48877581.25;13.94;0.34;;;;;;;0
QIRI11;Títulos e Val Mob;78.04;39;89.64;114.86;116.71;119.51;123.94;38.90;19.92;10.33;121.86;1.48;118.05;99.75;13441852.95;89.61;0.87;;;;;;;0
KEVE11;Residencial;981.02;8;3.05;0.32;0.00;0.00;0.00;0.00;0.00;0.00;0.32;0.00;0.32;0.32;13745922.68;927.86;1.06;;;;;;;0
SCPF11;Shoppings;5.10;420;0.05;0.91;1.85;2.52;3.98;0.62;0.42;0.33;0.91;0.00;0.91;0.91;49257746.04;11.73;0.43;;;;;29.30;;1
BRIP11;Híbrido;1150.00;2;107.00;0.00;0.00;0.00;0.00;0.00;0.00;0.00;;0.00;0.00;0.00;200861287.45;972.82;1.18;;;;;;;0
SNLG11;Logística;36.51;909;0.35;0.91;2.67;4.62;11.75;0.89;0.77;0.98;0.91;0.00;0.91;0.91;11688485.68;61.48;0.59;;;;;0.00;;3
BPML11;Shoppings;57.39;15;0.27;0.46;1.37;2.49;5.26;0.46;0.42;0.44;0.46;0.00;0.46;0.46;53773355.75;124.75;0.46;;;;;5.80;;7
EDGA11;Lajes Corporativas;20.51;69;0.13;0.62;2.03;3.86;8.37;0.68;0.64;0.70;0.62;0.00;0.62;0.62;233668180.11;61.30;0.33;0.21;0.00;0.21;0.21;48.81;;1
BTRA11;Outros;86.47;2425;0.95;1.13;3.18;5.93;11.14;1.06;0.99;0.93;1.13;0.00;1.13;1.13;466641228.30;138.69;0.62;0.68;0.00;0.68;0.68;;;0
BTSI11;Híbrido;;;0.71;0.00;0.00;0.00;0.00;0.00;0.00;0.00;;0.00;0.00;0.00;19524485.24;104.29;;;;;;;;0
HCHG11;Outros;81.00;49;1.00;1.17;3.55;6.98;13.39;1.18;1.16;1.12;2.38;2.91;4.11;5.37;120537373.66;100.45;0.81;1.00;-0.97;0.02;1.00;;;0
SPTW11;Lajes Corporativas;38.54;1654;0.42;1.08;3.14;6.04;11.57;1.05;1.01;0.96;2.11;-3.61;-2.57;-1.56;100393129.85;55.84;0.69;0.75;0.09;0.85;1.60;0.00;;1
RBRD11;Híbrido;33.80;386;0.32;0.95;2.65;4.97;9.58;0.88;0.83;0.80;1.87;-3.38;-2.47;-1.57;12278777.33;65.92;0.51;0.49;-0.56;-0.08;0.40;15.52;;4
SADI11;Títulos e Val Mob;89.25;1916;1.07;1.18;3.49;6.97;13.76;1.16;1.16;1.15;2.35;-1.65;-0.49;0.67;310851649.88;97.75;0.91;1.09;-0.90;0.19;1.27;;;0
HBRH11;Híbrido;90.70;75;0.61;0.67;2.19;4.14;8.97;0.73;0.69;0.75;1.39;3.17;3.86;4.60;311221960.40;112.27;0.81;0.54;-0.82;-0.28;0.27;;;3
VOTS11;Títulos e Val Mob;84.72;32;1.10;1.35;3.95;6.83;14.96;1.32;1.14;1.25;2.61;-4.28;-2.99;-1.76;7764328.37;93.08;0.91;1.18;-0.02;1.16;2.33;;;0
HUSI11;Hospital;1127.39;1;10.22;0.90;2.12;4.39;0.00;0.71;0.73;0.00;1.54;-0.65;0.25;0.89;129222278.01;1110.52;1.02;0.70;11.72;12.51;13.35;;;0
BBRC11;Outros;93.40;1563;0.99;1.05;3.07;6.08;11.93;1.02;1.01;0.99;2.08;-0.85;0.19;1.23;17156536.46;107.90;0.87;0.92;0.06;0.98;1.91;5.37;1.08;20
HGAG11;;41.00;214;0.47;1.62;297.68;300.36;0.00;99.23;50.06;0.00;3.31;9.21;10.98;12.85;;;;;;;;;;0
VTLT11;Logística;86.97;4784;0.88;1.00;2.83;5.43;10.80;0.94;0.90;0.90;1.95;-5.27;-4.32;-3.42;213388125.25;100.89;0.86;0.87;0.17;1.04;1.93;0.00;0.00;1
BCRI11;Títulos e Val Mob;83.00;7710;0.80;0.84;2.94;6.02;13.58;0.98;1.00;1.13;1.85;-4.49;-3.69;-2.72;628242141.38;100.39;0.83;0.80;0.01;0.81;1.81;;;0
PATC11;Lajes Corporativas;62.99;2144;0.22;0.33;4.90;14.31;18.15;1.63;2.38;1.51;0.65;-1.46;-1.14;-0.82;264876923.19;76.17;0.83;0.29;-0.43;-0.14;0.15;21.90;18.90;6
APTO11;Híbrido;8.39;3192;0.10;1.23;3.51;6.74;13.86;1.17;1.12;1.15;2.38;-6.44;-5.29;-4.20;4016553.54;9.97;0.84;1.00;0.21;1.21;2.23;;;0
HSLG11;Logística;75.48;5863;0.72;0.89;2.55;4.81;9.28;0.85;0.80;0.77;1.76;0.81;1.71;2.59;1326199277.09;104.75;0.72;0.69;-0.12;0.57;1.24;1.10;;5
LSAG11;;106.98;132;1.48;1.39;3.58;5.06;0.00;1.19;0.84;0.00;2.50;-0.58;0.81;1.93;;;;;;;;;;0
NEWU11;Lajes Corporativas;68.50;399;0.10;0.16;0.61;0.85;1.55;0.20;0.14;0.13;0.39;41.55;41.78;42.10;5190146.79;68.85;0.99;0.15;0.09;0.23;0.38;63.20;;3
KNCR11;Títulos e Val Mob;97.52;123199;1.00;1.01;3.43;6.84;13.45;1.14;1.14;1.12;2.22;0.23;1.24;2.47;575329617.95;100.76;0.97;0.99;0.02;1.01;2.21;;;0
VLOL11;Lajes Corporativas;92.80;2031;0.61;0.64;1.89;3.63;7.14;0.63;0.61;0.59;1.27;-3.05;-2.42;-1.81;198706747.67;111.33;0.83;0.55;0.00;0.55;0.55;0.00;;1
JSAF11;Títulos e Val Mob;80.25;5688;0.93;1.16;3.42;6.60;13.25;1.14;1.10;1.10;2.32;-0.40;0.76;1.93;143602322.75;91.29;0.88;1.02;-0.59;0.42;1.44;;;0
SHPH11;Shoppings;651.00;535;3.40;0.52;1.44;2.79;5.58;0.48;0.46;0.46;0.98;-10.88;-10.42;-10.01;545106402.78;895.16;0.73;0.38;0.11;0.49;0.49;10.80;;1
RURA11;;10.38;93418;0.11;1.05;3.36;4.42;0.00;1.12;0.74;0.00;2.00;0.86;1.92;2.89;;;;;;;;;;0
RBED11;Outros;122.23;413;1.26;1.03;3.15;6.01;11.72;1.05;1.00;0.98;2.08;2.07;3.12;4.20;336524619.16;144.28;0.85;0.87;-0.02;0.85;1.73;0.00;;5
HABT11;Títulos e Val Mob;87.73;13215;1.20;1.37;3.97;7.06;14.39;1.32;1.18;1.20;2.67;-3.76;-2.44;-1.17;803311542.03;98.85;0.89;1.21;-0.91;0.30;1.48;;;0
CXAG11;Outros;75.18;1611;0.75;0.97;3.17;6.01;12.01;1.06;1.00;1.00;1.93;0.25;1.21;2.19;239776557.58;114.69;0.66;0.65;0.00;0.65;0.65;;;0
XPHT11;Hotel;104.20;1420;1.10;1.05;3.69;7.80;10.10;1.23;1.30;0.84;2.17;-5.41;-4.41;-3.34;358486293.56;94.22;1.11;;;;;64.90;;5
XPLG11;Logística;91.82;43358;0.74;0.79;2.35;4.47;8.69;0.78;0.74;0.72;1.60;2.83;3.64;4.49;379673741.20;113.64;0.81;0.65;-0.60;0.05;0.70;8.80;1.20;13
RZAG11;Títulos e Val Mob;9.42;201424;0.12;1.25;3.74;7.50;15.00;1.25;1.25;1.25;2.50;1.14;2.41;3.69;647584255.41;9.52;0.99;1.28;-2.21;-0.96;-0.96;;;0
KINP11;Residencial;9.64;13192;0.20;1.91;7.09;12.94;26.25;2.36;2.16;2.19;5.02;14.11;16.29;19.90;26446258.37;3.70;2.61;5.29;-7.52;-2.62;4.19;;;0
HTMX11;Hotel;100.99;1602;0.63;0.59;2.37;5.08;7.27;0.79;0.85;0.61;1.24;-6.70;-6.15;-5.54;211128423.78;140.35;0.72;;;;;65.00;;23
VCRR11;Residencial;72.86;2372;0.67;0.96;2.82;5.46;10.91;0.94;0.91;0.91;1.91;-2.39;-1.45;-0.52;25651277.00;128.26;0.57;0.52;0.00;0.52;1.05;;;0
URPR11;Outros;96.55;19944;1.30;1.31;3.74;7.28;16.53;1.25;1.21;1.38;2.55;-1.90;-0.61;0.62;1159729550.73;99.33;0.97;1.31;0.27;1.59;2.87;;;0
HUSC11;Outros;100.00;24;0.85;0.83;2.49;4.10;9.70;0.83;0.68;0.81;1.66;-2.25;-1.44;-0.62;116361286.88;146.44;0.68;0.58;-0.22;0.36;0.95;;;0
NEWL11;Híbrido;100.40;324;0.93;0.93;3.20;5.91;12.00;1.07;0.99;1.00;1.86;1.02;1.95;2.91;245626492.10;120.81;0.83;0.77;0.59;1.37;2.15;0.00;;2
JPPA11;Títulos e Val Mob;101.07;1237;1.40;1.36;4.04;8.27;18.71;1.35;1.38;1.56;2.70;-1.54;-0.20;1.14;88466602.64;97.86;1.03;1.43;0.01;1.44;2.89;;;0
BICR11;Títulos e Val Mob;100.57;1;0.72;0.73;2.28;5.05;9.77;0.76;0.84;0.81;1.53;0.34;1.07;1.89;49727672.72;99.46;1.01;0.72;0.08;0.80;1.61;;;0
EVBI11;Híbrido;93.50;26;0.75;0.80;2.39;4.68;9.37;0.80;0.78;0.78;1.60;0.00;0.80;1.60;16703499.89;99.81;0.94;0.75;-0.03;0.72;1.48;0.00;;4
LGCP11;Logística;71.62;1844;0.60;0.78;2.32;4.54;9.15;0.77;0.76;0.76;1.57;-1.62;-0.86;-0.07;280850190.46;102.77;0.70;0.58;-0.01;0.57;1.18;0.50;;5
FIIP11B;Logística;140.02;629;1.35;0.94;2.77;5.36;10.30;0.92;0.89;0.86;1.86;-1.70;-0.78;0.14;172840810.39;186.42;0.75;0.72;0.07;0.79;1.53;0.00;;7
HSML11;Shoppings;78.95;20664;0.74;0.94;2.67;5.03;9.69;0.89;0.84;0.81;1.81;-1.51;-0.59;0.28;151554938.62;96.04;0.82;0.77;-0.38;0.39;1.12;4.50;;6
EDFO11B;Lajes Corporativas;195.00;94;1.67;0.84;2.52;5.08;9.76;0.84;0.85;0.81;1.69;0.50;1.34;2.21;42631813.36;180.64;1.08;0.92;0.00;0.93;1.88;7.10;;1
PORD11;Títulos e Val Mob;84.97;9813;1.05;1.19;3.42;6.51;15.28;1.14;1.09;1.27;2.42;-3.84;-2.69;-1.50;365459831.04;98.02;0.87;1.07;0.53;1.60;2.77;;;0
BRCO11;Logística;90.90;20050;0.62;0.66;1.97;3.93;7.93;0.66;0.66;0.66;1.31;-3.06;-2.41;-1.78;1793830856.25;121.38;0.75;0.51;-0.05;0.46;0.97;0.00;0.00;10
VINO11;Lajes Corporativas;40.87;13798;0.31;0.73;2.16;4.21;8.49;0.72;0.70;0.71;1.44;-3.60;-2.90;-2.21;904680861.58;54.61;0.75;0.57;-0.34;0.22;0.79;4.20;;9
PQDP11;Shoppings;210.00;14;17.34;0.84;2.13;4.53;8.97;0.71;0.75;0.75;1.35;0.74;1.59;2.10;813718968.26;3314.36;0.61;0.50;0.07;0.57;1.70;3.60;;1
BBFI11B;Lajes Corporativas;1378.00;131;27.08;1.30;3.96;8.18;16.58;1.32;1.36;1.38;2.59;-0.43;0.87;2.16;37112402.95;2854.80;0.48;0.93;0.12;1.06;6.06;39.11;;2
BBIM11;Títulos e Val Mob;;;0.15;0.00;0.00;0.00;0.00;0.00;0.00;0.00;;0.00;0.00;0.00;31366206.76;30.31;;0.49;1.47;1.97;2.48;;;0
BCIA11;Títulos e Val Mob;80.78;4090;0.78;0.95;2.76;5.31;10.45;0.92;0.88;0.87;1.86;-1.80;-0.86;0.04;360458463.59;96.92;0.83;0.80;-0.60;0.20;0.98;;;0
CBOP11;Lajes Corporativas;36.92;997;0.12;0.28;2.71;5.33;11.00;0.90;0.89;0.92;0.54;-6.39;-6.13;-5.89;104523734.87;73.87;0.50;0.16;0.00;0.16;0.16;33.59;30.79;1
RBHY11;Títulos e Val Mob;93.50;3811;1.20;1.26;3.73;7.63;16.10;1.24;1.27;1.34;2.49;-1.53;-0.29;0.94;17938304.88;94.55;0.99;1.27;-0.15;1.12;2.40;;;0
PATL11;Híbrido;59.87;5739;0.60;0.96;2.64;4.88;9.44;0.88;0.81;0.79;1.81;-8.12;-7.24;-6.44;488738384.39;97.91;0.61;0.61;-0.11;0.50;1.10;0.00;0.00;4
CXCE11B;Outros;38.93;107;0.41;1.03;3.00;6.09;11.45;1.00;1.01;0.95;2.03;-1.58;-0.56;0.43;112388124.70;65.61;0.59;0.63;0.01;0.64;0.64;0.00;;1
HGBS11;Shoppings;178.11;5084;1.40;0.77;2.27;4.30;8.44;0.76;0.72;0.70;1.53;-1.29;-0.53;0.22;2191808465.20;219.18;0.81;0.64;-1.00;-0.37;0.26;6.50;;17
BBGO11;Títulos e Val Mob;77.00;4743;0.87;1.09;3.32;6.39;11.02;1.11;1.06;0.92;2.17;-1.18;-0.10;0.98;391447679.51;97.74;0.79;0.89;-0.25;0.64;1.54;;;0
FIIB11;Híbrido;433.31;428;3.25;0.73;2.33;4.65;9.14;0.78;0.78;0.76;1.45;-1.55;-0.83;-0.12;315582209.62;460.70;0.94;0.71;0.05;0.75;1.47;6.28;;1
PQAG11;Logística;51.00;5;0.44;0.83;2.44;4.80;9.09;0.81;0.80;0.76;1.65;-1.83;-1.02;-0.21;801309157.36;57.27;0.89;0.77;0.06;0.82;1.60;0.00;;1
VCJR11;Títulos e Val Mob;87.88;4602;0.95;1.07;3.37;4.28;11.85;1.12;0.71;0.99;2.27;-2.08;-1.03;0.15;1396278559.99;94.83;0.93;1.00;0.51;1.52;2.68;;;0
FVPQ11;Shoppings;90.49;66;0.62;0.63;2.90;4.06;7.83;0.97;0.68;0.65;1.86;-2.27;-1.65;-0.45;536413763.21;191.57;0.47;0.32;0.05;0.38;1.03;5.50;;1
HGCR11;Títulos e Val Mob;102.47;41572;1.20;1.18;3.53;7.07;13.84;1.18;1.18;1.15;2.35;-0.66;0.51;1.69;1551733628.04;100.64;1.02;1.19;0.00;1.19;1.19;;;0
VIFI11;Títulos e Val Mob;6.66;14881;0.07;0.96;2.83;5.25;10.40;0.94;0.88;0.87;1.90;-2.02;-1.08;-0.15;68956882.47;8.52;0.78;0.76;-1.20;-0.45;0.30;;;0
MXRF11;Híbrido;10.34;655733;0.12;1.17;3.25;6.01;12.64;1.08;1.00;1.05;2.26;0.79;1.97;3.08;2284497771.46;10.11;1.02;;;;;;;0
KNCA11;Títulos e Val Mob;106.61;20339;1.08;1.01;3.50;7.43;14.66;1.17;1.24;1.22;2.19;-2.79;-1.80;-0.64;1434116115.79;101.71;1.05;1.06;-0.36;0.70;1.98;;;0
KISU11;Títulos e Val Mob;7.84;112057;0.08;0.94;2.98;5.70;11.45;0.99;0.95;0.95;1.87;-1.85;-0.93;-0.01;36984882.31;8.37;0.94;0.90;-1.58;-0.70;0.18;;;0
HPDP11;Shoppings;70.00;83;0.45;0.64;1.65;3.60;6.85;0.55;0.60;0.57;1.22;-8.29;-7.70;-7.16;259612689.10;89.25;0.78;0.50;0.15;0.66;1.16;2.00;;1
NVHO11;Hospital;11.01;155;0.08;0.77;2.37;4.78;8.94;0.79;0.80;0.74;1.53;-2.27;-1.52;-0.77;579484343.88;13.97;0.79;0.60;0.04;0.64;1.24;;;1
RNDP11;Títulos e Val Mob;125.01;67;0.33;0.21;1.26;3.48;9.70;0.42;0.58;0.81;0.74;1.62;1.83;2.37;19898467.22;185.13;0.68;0.18;-3.93;-3.76;-3.35;;;0
KNRI11;Híbrido;134.69;21326;0.95;0.69;2.06;3.93;7.66;0.69;0.65;0.64;1.34;-1.78;-1.10;-0.46;386536645.72;160.01;0.84;0.59;0.08;0.67;1.24;2.00;6.72;20
PLOG11;Logística;69.06;799;0.75;1.05;3.11;6.00;12.28;1.04;1.00;1.02;2.09;-1.07;-0.03;1.01;79701531.09;106.27;0.65;0.71;-0.08;0.62;1.33;20.40;;1
VIUR11;Títulos e Val Mob;6.31;46875;0.07;1.11;3.04;5.83;11.65;1.01;0.97;0.97;2.13;-7.54;-6.51;-5.56;24728879.95;9.17;0.69;0.79;-0.19;0.59;1.38;0.00;;6
RBHG11;Títulos e Val Mob;82.37;2197;1.05;1.25;3.70;7.60;16.10;1.23;1.27;1.34;2.44;-0.32;0.93;2.13;15989426.18;92.55;0.89;1.13;0.04;1.17;2.27;;;0
LUGG11;Residencial;70.05;752;0.58;0.79;2.24;4.33;8.55;0.75;0.72;0.71;1.53;-1.69;-0.91;-0.18;13293611.23;117.57;0.60;0.49;-0.58;-0.09;0.37;2.40;;4
TGAR11;Outros;115.90;17241;1.31;1.16;3.32;7.07;14.61;1.11;1.18;1.22;2.25;-4.87;-3.77;-2.72;180184399.11;130.66;0.89;1.00;-1.13;-0.14;0.84;;;0
HLOG11;Logística;83.29;90;0.65;0.77;2.24;4.31;8.64;0.75;0.72;0.72;1.52;-2.49;-1.74;-1.00;493289241.38;116.07;0.72;0.56;-0.25;0.30;0.86;58.00;0.00;3
JFLL11;Residencial;59.00;502;0.62;1.03;3.10;5.78;10.91;1.03;0.96;0.91;2.08;1.64;2.69;3.77;15157078.64;101.01;0.58;0.61;-0.02;0.59;1.21;28.00;;2
PLRI11;Títulos e Val Mob;21.77;57;0.15;0.64;1.84;4.32;7.63;0.61;0.72;0.64;1.08;-3.52;-2.91;-2.48;30905371.98;32.39;0.67;0.48;0.38;0.85;1.20;;;0
CXTL11;Logística;390.00;13;1.65;0.40;0.87;1.87;3.16;0.29;0.31;0.26;0.78;5.46;5.88;6.29;24904843.11;464.67;0.84;0.36;-2.29;-1.94;-1.63;61.00;;3
RRCI11;Títulos e Val Mob;80.62;331;1.05;1.25;3.31;6.78;15.43;1.10;1.13;1.29;2.29;-2.71;-1.49;-0.47;43829740.47;90.98;0.89;1.15;0.30;1.46;2.47;;;0
ATSA11;Shoppings;73.50;2;0.05;0.07;0.20;0.39;1.69;0.07;0.06;0.14;0.13;0.00;0.07;0.13;142833371.11;81.57;0.90;0.06;0.02;0.08;0.14;21.90;;1
RBRS11;Híbrido;51.00;528;0.40;0.75;2.38;4.57;9.16;0.79;0.76;0.76;1.49;-9.68;-9.00;-8.33;163150275.68;94.07;0.54;0.43;-0.01;0.42;0.88;;;0
TEPP11;Lajes Corporativas;65.54;4626;0.50;0.75;2.22;4.09;8.24;0.74;0.68;0.69;1.46;-2.88;-2.16;-1.46;403577910.00;95.59;0.69;0.52;0.03;0.55;1.07;9.06;18.03;5
BPFF11;Títulos e Val Mob;59.30;4692;0.62;1.01;2.93;5.80;12.27;0.98;0.97;1.02;1.97;-5.14;-4.18;-3.27;322269846.68;71.74;0.83;0.86;0.00;0.86;0.86;;;0
PLCR11;Híbrido;83.66;2695;1.00;1.19;3.54;7.23;15.16;1.18;1.20;1.26;2.37;-0.34;0.84;2.03;191604396.10;90.84;0.92;1.10;-1.64;-0.56;9.06;;;0
SPVJ11;Outros;;;0.67;0.00;0.00;0.00;0.00;0.00;0.00;0.00;;0.00;0.00;0.00;733542910.43;116.21;;0.58;-0.04;0.54;1.12;;;0
MFAI11;Híbrido;56.02;606;0.57;1.00;3.12;5.91;11.64;1.04;0.98;0.97;2.00;-1.67;-0.69;0.30;20905527.77;66.14;0.85;0.86;-2.96;-2.12;-2.12;;;0
KNIP11;Títulos e Val Mob;90.54;62448;0.91;1.00;3.13;4.38;12.19;1.04;0.73;1.02;2.11;0.63;1.64;2.76;7561313450.45;94.42;0.96;0.96;0.69;1.66;2.74;;;0
MALL11;Shoppings;97.67;11764;0.78;0.79;2.31;4.49;8.79;0.77;0.75;0.73;1.55;-4.69;-3.93;-3.20;194178737.27;119.91;0.81;;;;;4.00;;8
PVBI11;Lajes Corporativas;87.06;16643;0.61;0.71;2.04;3.83;7.47;0.68;0.64;0.62;1.43;0.88;1.60;2.33;140547991.88;103.65;0.84;0.55;4.63;5.20;8.21;0.10;;4
STRX11;Híbrido;22.96;3180000;0.78;0.00;0.00;0.00;0.00;0.00;0.00;0.00;;0.00;0.00;0.00;239120300.39;148.19;0.15;0.53;-0.08;0.45;1.04;;;0
BBFO11;Títulos e Val Mob;64.55;475;0.73;1.11;3.22;5.85;12.50;1.07;0.98;1.04;2.26;-0.87;0.23;1.38;31242460.74;77.93;0.83;0.94;-1.56;-0.64;0.33;;;0
PLCA11;;91.99;311;1.10;1.15;3.45;0.00;0.00;1.15;0.00;0.00;2.30;1.05;2.21;3.39;;;;;;;;;;0
RNGO11;Lajes Corporativas;47.50;2198;0.43;0.91;2.70;5.31;10.23;0.90;0.88;0.85;1.82;-0.55;0.36;1.27;231610634.93;86.55;0.55;0.50;-0.05;0.45;0.95;24.10;;3
VILG11;Logística;84.99;22162;0.53;0.61;2.03;4.05;8.34;0.68;0.68;0.70;1.33;-7.00;-6.44;-5.76;1677627497.04;111.86;0.76;0.47;-0.17;0.30;0.90;0.00;;16
CACR11;Híbrido;105.46;4001;1.42;1.34;4.11;8.51;15.91;1.37;1.42;1.33;2.69;2.92;4.29;5.71;187613166.19;103.80;1.02;1.35;0.00;1.35;1.35;;;0
FPAB11;Lajes Corporativas;135.00;25;1.52;1.13;3.53;5.98;10.52;1.18;1.00;0.88;2.33;-1.46;-0.35;0.85;281634402.75;375.51;0.36;0.40;0.08;0.49;0.93;33.79;;1
RBVA11;Outros;90.89;7002;0.95;1.03;3.20;6.58;12.79;1.07;1.10;1.07;2.04;-2.76;-1.76;-0.77;1234966817.10;106.57;0.85;0.89;-0.03;0.86;1.76;0.70;;72
HSAF11;Títulos e Val Mob;77.44;5580;0.90;1.15;3.30;6.37;13.64;1.10;1.06;1.14;2.28;-1.12;0.01;1.15;229603647.67;90.88;0.85;0.99;-0.20;0.78;1.78;;;0
GTWR11;Lajes Corporativas;73.30;11064;0.79;1.06;3.12;5.85;11.73;1.04;0.98;0.98;2.13;-0.01;1.05;2.12;1137277154.96;94.77;0.77;0.83;0.04;0.87;1.71;0.00;0.00;1
MFII11;Híbrido;92.77;3354;1.10;1.17;3.50;6.90;13.67;1.17;1.15;1.14;2.30;-2.73;-1.60;-0.48;420625416.17;101.43;0.91;1.08;-2.30;-1.24;-1.24;;;9
ARRI11;Títulos e Val Mob;8.78;28309;0.07;0.75;3.53;7.74;15.67;1.18;1.29;1.31;2.13;-1.27;-0.53;0.84;108250162.27;8.85;0.99;1.47;0.00;1.47;1.47;;;0
RBVO11;Outros;9.19;32;0.02;0.21;0.36;0.99;2.57;0.12;0.17;0.21;0.31;-3.88;-3.67;-3.58;8867875.26;17.19;0.53;0.12;0.45;0.57;0.63;;;0
XPSF11;Outros;7.16;101623;0.08;1.09;3.13;6.21;11.98;1.04;1.03;1.00;2.12;-3.71;-2.67;-1.66;349182381.89;8.06;0.89;0.94;-5.58;-4.69;-4.69;;;0
HREC11;Títulos e Val Mob;76.99;3387;0.90;1.17;3.47;6.50;13.24;1.16;1.08;1.10;2.30;-2.46;-1.33;-0.20;458136553.10;88.84;0.87;1.01;0.49;1.50;2.54;;;0
VCRI11;;8.50;17648;0.11;1.29;3.90;7.87;0.00;1.30;1.31;0.00;2.53;-3.39;-2.14;-0.93;168716555.85;9.49;0.90;1.16;0.26;1.43;2.60;;;0
VSHO11;Shoppings;63.78;689;0.65;1.02;2.83;5.14;9.81;0.94;0.86;0.82;2.02;-2.02;-1.02;-0.03;210513296.75;100.30;0.64;0.65;0.88;1.53;2.20;12.96;;3
KCRE11;Renda;89.67;4194;0.87;0.93;2.82;0.00;0.00;0.94;0.00;0.00;2.13;4.06;5.03;6.29;352269873.70;97.85;0.92;0.89;0.40;1.30;2.42;;;0
RMAI11;Lajes Corporativas;46.34;358;0.26;0.53;1.46;3.17;7.57;0.49;0.53;0.63;1.03;-5.75;-5.25;-4.78;263485516.14;107.82;0.43;0.24;0.00;0.24;0.24;23.44;;1
RDPD11;Títulos e Val Mob;24.95;1228;0.37;1.37;3.77;7.13;14.13;1.26;1.19;1.18;2.59;-3.50;-2.18;-0.99;3078194.28;27.90;0.89;1.33;-1.25;0.06;1.27;;;0
LASC11;Shoppings;100.00;26;0.91;0.87;2.35;5.03;8.59;0.78;0.84;0.72;1.64;2.92;3.81;4.62;312550406.70;106.30;0.94;0.74;0.00;0.74;0.74;2.40;;3
VRTA11;Títulos e Val Mob;86.50;17806;0.95;1.06;3.22;6.30;13.55;1.07;1.05;1.13;2.21;2.61;3.70;4.89;141945878.02;91.04;0.95;1.04;0.25;1.30;2.41;;;0
XPCA11;Títulos e Val Mob;9.84;113415;0.13;1.31;4.07;8.01;16.17;1.36;1.33;1.35;2.62;0.40;1.72;3.05;297830419.39;9.49;1.04;1.37;-0.03;1.34;1.34;;;0
KNHY11;Títulos e Val Mob;99.07;50134;1.08;1.10;3.46;5.26;12.79;1.15;0.88;1.07;2.49;2.40;3.53;4.96;1829695369.00;98.95;1.00;1.09;0.75;1.85;3.23;;;0
NVIF11B;Outros;;;0.44;0.00;0.00;0.00;0.00;0.00;0.00;0.00;;0.00;0.00;0.00;10911540.53;323.40;;0.14;1.85;1.99;2.13;;;0
HSRE11;Híbrido;103.00;1;0.63;0.61;1.84;3.71;7.21;0.61;0.62;0.60;1.23;0.58;1.19;1.81;820548299.96;96.33;1.07;0.65;-0.07;0.58;1.24;0.00;;29
RZTR11;Híbrido;84.10;27575;0.85;1.01;2.81;6.48;13.77;0.94;1.08;1.15;1.95;-6.63;-5.69;-4.80;166113876.24;96.50;0.87;0.88;0.00;0.88;0.88;;;10
QAMI11;Híbrido;78.98;190;0.95;1.19;3.42;6.30;14.06;1.14;1.05;1.17;2.30;-1.98;-0.81;0.29;73333958.70;91.51;0.86;0.87;-1.61;-0.75;10.69;;;0
OUJP11;Títulos e Val Mob;93.60;6393;1.25;1.26;3.80;7.61;16.11;1.27;1.27;1.34;2.54;0.80;2.07;3.37;324677302.55;99.83;0.94;1.25;0.04;1.29;2.56;;;0
HGRE11;Lajes Corporativas;110.50;14095;0.78;0.69;2.27;3.99;7.54;0.76;0.67;0.63;1.37;0.02;0.70;1.39;1855428726.66;157.00;0.70;0.50;0.01;0.51;1.01;27.13;29.17;21
NSLU11;Hospital;165.99;909;1.51;0.91;2.76;5.03;9.42;0.92;0.84;0.79;1.86;0.33;1.25;2.21;251911778.36;194.78;0.85;0.77;0.05;0.82;3.11;0.00;;1
KFOF11;Títulos e Val Mob;77.31;4953;0.72;0.92;2.78;5.25;10.40;0.93;0.88;0.87;1.87;1.87;2.81;3.78;395987915.10;87.35;0.89;0.82;-0.90;-0.08;0.73;;;0
HGRU11;Híbrido;115.31;20685;0.85;0.74;3.07;5.04;9.74;1.02;0.84;0.81;1.43;-3.74;-3.02;-2.35;226007284.34;122.78;0.94;0.67;0.00;0.67;0.67;0.00;0.00;17
ITIT11;Títulos e Val Mob;70.76;636;0.58;0.78;2.36;4.51;9.15;0.79;0.75;0.76;1.63;-2.91;-2.16;-1.32;67150606.57;74.57;0.95;0.78;-1.96;-1.20;-0.34;;;0
XPCI11;Outros;79.82;17378;1.00;1.25;3.36;5.84;12.74;1.12;0.97;1.06;2.47;1.45;2.72;3.97;788974768.47;90.67;0.88;1.10;-3.16;-2.09;-2.09;;;0
XPCM11;Lajes Corporativas;13.37;1344;0.12;0.82;3.09;5.81;11.76;1.03;0.97;0.98;1.49;-18.15;-17.48;-16.92;10577399.94;43.81;0.31;0.27;0.00;0.27;0.27;100.00;;1
XPPR11;Outros;23.50;34149;0.10;0.33;2.18;4.52;8.96;0.73;0.75;0.75;1.25;-7.34;-7.03;-6.18;539662846.39;73.76;0.32;0.14;-1.05;-0.92;-0.52;46.00;0.00;4
BNFS11;Outros;114.00;448;1.35;1.11;3.41;7.09;14.19;1.14;1.18;1.18;2.19;-1.08;0.02;1.10;63975331.10;91.39;1.25;1.45;0.00;1.45;1.45;0.00;;18
ABCP11;Shoppings;64.19;895;0.50;0.77;2.34;4.49;9.00;0.78;0.75;0.75;1.53;-2.90;-2.15;-1.41;431490855.55;91.63;0.70;0.55;0.13;0.68;1.23;7.50;;1
BARI11;Títulos e Val Mob;79.78;9940;0.90;1.07;3.09;6.15;13.87;1.03;1.02;1.16;2.06;-8.06;-7.07;-6.16;443249200.01;95.65;0.83;0.94;0.47;1.41;2.37;;;0
JGPX11;Híbrido;97.27;519;1.13;1.17;3.87;7.44;14.57;1.29;1.24;1.21;2.53;-0.67;0.49;1.86;8158020.93;96.19;1.01;1.17;-0.01;1.17;1.17;;;0
RBTS11;Outros;1121.00;20;17.08;0.00;0.00;0.00;0.00;0.00;0.00;0.00;;0.00;0.00;0.44;61943113.63;195.85;1.02;0.46;0.00;0.46;0.46;;;0
HAAA11;Lajes Corporativas;63.01;1;0.47;0.67;1.97;3.89;7.49;0.66;0.65;0.62;1.26;-12.37;-11.78;-11.26;307889953.82;89.11;0.71;0.53;-0.18;0.34;0.87;17.00;;1
ITIP11;Títulos e Val Mob;74.50;265;0.88;1.15;3.09;6.06;13.29;1.03;1.01;1.11;2.24;-0.95;0.18;1.28;58916480.43;78.75;0.95;1.12;-1.08;0.02;1.09;;;0
RSPD11;Residencial;10.02;103;8.37;0.00;0.00;0.00;0.00;0.00;0.00;0.00;;0.00;0.00;0.00;17170236.81;1148.04;0.01;0.63;0.00;0.63;0.63;;;0
RSPD11;Residencial;10.02;20507;8.37;0.00;0.00;0.00;0.00;0.00;0.00;0.00;;0.00;0.00;0.00;17170236.81;1148.04;0.01;0.63;0.00;0.63;0.63;;;0
RSPD11;Residencial;10.02;22773;8.37;0.00;0.00;0.00;0.00;0.00;0.00;0.00;;0.00;0.00;0.00;17170236.81;1148.04;0.01;0.63;0.00;0.63;0.63;;;0
RSPD11;Residencial;10.03;42904;8.37;0.00;0.00;0.00;0.00;0.00;0.00;0.00;;0.00;0.00;0.00;17170236.81;1148.04;0.01;0.63;0.00;0.63;0.63;;;0
RSPD11;Residencial;10.03;45627;8.37;0.00;0.00;0.00;0.00;0.00;0.00;0.00;;0.00;0.00;0.00;17170236.81;1148.04;0.01;0.63;0.00;0.63;0.63;;;0
RSPD11;Residencial;10.03;25802;8.37;0.00;0.00;0.00;0.00;0.00;0.00;0.00;;0.00;0.00;0.00;17170236.81;1148.04;0.01;0.63;0.00;0.63;0.63;;;0
RSPD11;Residencial;10.03;31960;8.37;0.00;0.00;0.00;0.00;0.00;0.00;0.00;;0.00;0.00;0.00;17170236.81;1148.04;0.01;0.63;0.00;0.63;0.63;;;0
RSPD11;Residencial;10.05;31636;8.37;0.00;0.00;0.00;0.00;0.00;0.00;0.00;;0.00;0.00;0.00;17170236.81;1148.04;0.01;0.63;0.00;0.63;0.63;;;0
RSPD11;Residencial;10.03;44516;8.37;0.00;0.00;0.00;0.00;0.00;0.00;0.00;;0.00;0.00;0.00;17170236.81;1148.04;0.01;0.63;0.00;0.63;0.63;;;0
GESE11B;Outros;1520.00;300;14.74;0.00;0.00;0.00;0.00;0.00;0.00;0.00;;0.00;0.00;0.00;92165204.01;1772.41;0.86;0.78;0.00;0.78;0.78;;;0
BICE11;Títulos e Val Mob;999.00;3;12.63;1.30;4.42;0.00;0.00;1.47;0.00;0.00;3.16;-1.12;0.17;2.03;6977664.12;969.13;1.03;1.30;-0.22;1.08;3.00;;;0
EURO11;Logística;228.49;236;1.87;0.78;2.45;4.87;9.59;0.82;0.81;0.80;1.56;0.18;0.96;1.75;124828841.27;325.13;0.70;0.58;-0.01;0.57;1.15;0.00;;6
KNSC11;Títulos e Val Mob;86.42;26960;0.87;1.00;3.27;5.31;12.08;1.09;0.88;1.01;2.19;-1.29;-0.30;0.88;117231846.98;88.30;0.98;0.99;0.28;1.27;2.47;;;0
RBFF11;Títulos e Val Mob;46.92;5607;0.49;0.96;2.89;5.70;11.21;0.96;0.95;0.93;1.93;0.30;1.26;2.24;239928753.34;63.99;0.73;0.80;-4.94;-4.19;6.43;;;0
FIGS11;Shoppings;46.30;2689;0.39;0.82;2.46;4.63;8.98;0.82;0.77;0.75;1.62;-1.75;-0.95;-0.15;217491762.45;76.31;0.61;0.51;-0.01;0.50;1.02;13.70;;2
SDIL11;Logística;88.09;5381;0.83;0.92;2.68;5.23;10.24;0.89;0.87;0.85;1.82;-2.72;-1.82;-0.94;622198909.53;97.29;0.91;0.85;-0.28;0.57;1.42;2.60;;5
GALG11;Híbrido;8.40;23473;0.08;0.95;2.72;5.30;10.44;0.91;0.88;0.87;1.84;-4.64;-3.73;-2.87;534297795.23;9.29;0.90;0.88;-0.26;0.62;1.49;0.00;0.00;6
VJFD11;Híbrido;;;1.02;0.00;0.00;0.00;0.00;0.00;0.00;0.00;;0.00;0.00;0.00;66450967.13;136.18;;0.75;0.06;0.81;1.57;;;0
FLRP11;Shoppings;1600.00;2;13.00;0.80;2.21;4.14;8.88;0.74;0.69;0.74;1.62;2.21;3.03;3.88;11931958.57;1829.15;0.87;0.71;0.13;0.84;1.56;2.01;;1
WPLZ11;Shoppings;64.45;46;0.45;0.66;1.99;3.95;7.06;0.66;0.66;0.59;1.25;-9.40;-8.81;-8.26;89510284.16;87.69;0.73;0.51;-0.16;0.35;0.87;11.00;;1
HGLG11;Logística;159.88;33862;1.10;0.68;2.70;4.70;10.01;0.90;0.78;0.83;1.36;-0.38;0.30;0.98;3593946727.56;153.22;1.04;0.72;0.00;0.72;0.72;6.90;6.50;17
HGPO11;Lajes Corporativas;245.34;279;1.60;0.65;1.88;3.74;7.02;0.63;0.62;0.59;1.27;-3.45;-2.83;-2.22;524799753.54;299.36;0.82;0.53;0.00;0.53;0.53;4.99;2.72;2
BLMO11;Lajes Corporativas;20999.00;1;50.00;0.24;0.24;0.53;1.07;0.08;0.09;0.09;0.24;0.00;0.24;0.24;126937662.78;33431.04;0.63;0.15;0.13;0.28;0.40;0.00;;1
BTWR11;Lajes Corporativas;107.00;4;0.40;0.37;0.37;1.63;3.65;0.12;0.27;0.30;0.37;0.00;0.37;0.37;90453571.91;111.77;0.96;0.36;0.20;0.56;0.89;12.00;;1
BTSG11;Híbrido;100.00;1;0.87;0.00;0.00;0.00;0.00;0.00;0.00;0.00;;0.00;0.00;0.00;106703403.82;137.68;0.73;0.63;0.01;0.64;1.27;;;0
SARE11;Híbrido;56.17;28363;0.63;1.03;3.04;5.64;10.93;1.01;0.94;0.91;2.10;1.23;2.27;3.36;86818151.97;94.00;0.60;0.67;-0.12;0.55;1.23;6.20;;3
TRXF11;Outros;101.89;43369;0.85;0.82;2.77;5.14;10.27;0.92;0.86;0.86;1.63;-0.86;-0.05;0.76;1236662707.13;103.12;0.99;0.82;-1.12;-0.30;0.51;0.00;;44
CXCO11;Lajes Corporativas;66.14;3696;0.51;0.73;2.77;5.66;11.24;0.92;0.94;0.94;1.75;-2.12;-1.41;-0.40;39084283.30;99.40;0.67;0.51;0.06;0.57;1.31;;;0
HFOF11;Títulos e Val Mob;65.40;7830;0.63;0.96;2.80;5.24;10.21;0.93;0.87;0.85;1.91;-1.94;-0.99;-0.05;176907331.90;76.87;0.85;0.82;-3.28;-2.49;-1.71;;;0
HOSI11;Híbrido;58.18;44;0.42;0.68;4.33;6.38;9.70;1.44;1.06;0.81;1.36;-4.85;-4.21;-3.55;53221116.38;92.81;0.63;0.45;0.25;0.70;1.18;;;2
JSRE11;Híbrido;61.41;26230;0.46;0.68;2.11;3.93;7.71;0.70;0.65;0.64;1.44;4.86;5.58;6.38;2341749373.70;112.76;0.54;0.41;-0.05;0.36;0.79;14.80;13.40;5
HGFF11;Títulos e Val Mob;69.65;10120;0.65;0.92;2.73;5.19;10.30;0.91;0.87;0.86;1.82;-1.81;-0.90;-0.01;242184404.12;84.57;0.82;0.77;0.00;0.77;0.77;;;0
VISC11;Shoppings;102.49;17253;0.80;0.78;2.34;4.40;8.50;0.78;0.73;0.71;1.54;-3.46;-2.71;-1.97;2309687440.80;124.24;0.82;0.64;-0.08;0.56;1.23;8.30;;15
RFOF11;Títulos e Val Mob;67.00;485;0.70;1.04;3.06;5.93;11.57;1.02;0.99;0.96;2.04;-3.72;-2.72;-1.74;82490618.94;76.51;0.88;0.91;-1.27;-0.37;0.53;;;0
VCRA11;Títulos e Valores Mobiliários;103.35;2011;1.00;0.94;3.72;5.03;0.00;1.24;0.84;0.00;2.31;-2.62;-1.71;-0.36;470899611.32;102.50;1.01;0.98;0.09;1.07;2.55;;;0
CYCR11;Títulos e Val Mob;8.00;31724;0.10;1.23;3.66;7.19;14.28;1.22;1.20;1.19;2.35;-3.66;-2.48;-1.39;156698165.40;9.60;0.83;1.04;-89.90;-89.79;-89.79;;;0
IDFI11;Híbrido;53.83;3;0.50;0.92;1.66;3.20;11.55;0.55;0.53;0.96;1.13;-1.24;-0.32;-0.12;11473776.01;55.43;0.97;0.21;0.00;0.21;0.21;;;0
AAZQ11;;9.64;47583;0.13;1.35;0.00;0.00;0.00;0.00;0.00;0.00;2.90;-0.72;0.62;2.17;23164980.16;9.61;1.00;1.35;0.00;1.35;1.35;;;0
LVBI11;Logística;92.78;14185;0.72;0.75;2.25;4.32;8.73;0.75;0.72;0.73;1.52;-0.94;-0.20;0.58;1360113106.61;115.51;0.80;0.65;-0.03;0.62;4.47;0.50;0.00;10
VGHF11;Títulos e Val Mob;9.06;174682;0.10;1.11;3.16;6.14;13.93;1.05;1.02;1.16;2.20;-1.64;-0.55;0.54;663841169.83;9.11;0.99;1.10;-0.54;0.55;0.55;;;0
BBPO11;Lajes Corporativas;82.20;7685;0.90;1.10;3.21;6.23;12.63;1.07;1.04;1.05;2.14;-5.90;-4.86;-3.88;1604588209.79;100.79;0.82;0.89;0.04;0.93;1.83;0.00;0.00;64
AIEC11;Lajes Corporativas;60.69;3471;0.75;1.22;3.39;6.46;12.76;1.13;1.08;1.06;1.49;-7.46;-6.33;-6.08;454619127.52;94.22;0.64;0.19;0.00;0.19;0.19;0.00;;2
HUSI11;Hospital;1127.39;1;7.83;0.69;1.91;4.18;0.00;0.64;0.70;0.00;1.33;-0.65;0.04;0.68;129222278.01;1110.52;1.02;0.70;11.72;12.51;13.35;;;0
HGIC11;Títulos e Val Mob;95.31;13;0.85;0.85;2.57;5.76;11.42;0.86;0.96;0.95;1.49;-2.30;-1.46;-0.83;53391265.10;115.39;0.83;0.57;0.00;0.57;0.57;;;0
CRFF11;Títulos e Val Mob;62.64;66;0.61;0.95;2.89;5.40;10.61;0.96;0.90;0.88;1.91;0.42;1.38;2.35;55899806.48;81.01;0.77;0.75;-0.96;-0.21;0.53;;;0
QAGR11;Outros;41.20;6437;0.42;1.00;2.96;5.63;10.57;0.99;0.94;0.88;1.99;-0.64;0.35;1.35;281473386.20;55.85;0.74;0.73;-0.08;0.65;-1.68;;;12
RBLG11;Logística;93.18;5;0.88;0.94;2.80;5.51;11.00;0.93;0.92;0.92;1.87;-1.87;-0.95;-0.03;64230672.96;100.33;0.93;0.88;-1.10;-0.23;2.59;0.00;;1
CXRI11;Híbrido;61.25;86;0.56;0.92;2.71;5.09;10.24;0.90;0.85;0.85;1.81;-3.17;-2.28;-1.42;125978660.14;79.95;0.77;0.70;-0.60;0.09;0.79;;;0
GGRC11;Logística;99.89;10317;0.95;0.91;2.66;5.25;10.17;0.89;0.87;0.85;1.84;0.70;1.62;2.55;112610974.87;124.49;0.80;0.76;-0.25;0.51;1.27;0.00;0.00;20
BREV11;Híbrido;105.00;160;4.13;4.01;13.32;15.33;18.91;4.44;2.56;1.58;4.63;0.02;4.03;4.68;117495806.73;121.48;0.86;0.34;0.15;0.49;1.02;0.00;;12
ERPA11;;123.96;3;0.66;0.53;1.67;3.34;0.00;0.56;0.56;0.00;1.11;3.30;3.85;4.45;6865683.51;137.06;0.90;0.51;0.00;0.51;0.51;;;0
OIAG11;;10.90;18475;0.17;1.59;4.74;6.11;0.00;1.58;1.02;0.00;3.24;3.29;4.94;6.67;;;;;;;;;;0
FLMA11;Híbrido;118.71;296;0.78;0.64;2.06;4.26;8.45;0.69;0.71;0.70;1.27;-6.08;-5.48;-4.89;221407889.96;160.36;0.74;0.49;0.06;0.54;1.05;11.00;;2
BLMR11;Títulos e Val Mob;6.45;39308;0.07;1.05;3.03;6.05;12.20;1.01;1.01;1.02;2.08;-2.05;-1.03;-0.01;191253303.93;7.49;0.86;0.87;-0.46;0.40;1.27;;;0
FLCR11;Títulos e Val Mob;95.49;188;1.15;1.20;3.55;6.11;14.70;1.18;1.02;1.22;2.34;-0.06;1.14;2.29;6224022.77;98.23;0.97;1.17;-0.04;1.14;2.27;;;0
GTLG11;;95.00;1259;0.70;0.73;2.16;4.30;8.50;0.72;0.72;0.71;1.44;-2.03;-1.32;-0.61;670743878.59;93.51;1.02;0.75;-0.44;0.30;1.05;;;0
BREV11;Híbrido;105.00;160;0.41;0.40;9.71;11.72;15.30;3.24;1.95;1.27;1.02;-0.38;0.02;0.64;117495806.73;121.48;0.86;0.34;0.15;0.49;1.02;0.00;;12
BIME11;;6.90;5188;0.08;1.08;3.03;5.16;14.22;1.01;0.86;1.18;2.12;-4.16;-3.12;-2.11;52153188.86;8.92;0.77;0.90;-0.25;0.64;1.54;;;0
FISC11;Lajes Corporativas;165.00;200;0.38;0.00;0.00;0.00;0.00;0.00;0.00;0.00;;0.00;0.00;0.00;195869779.62;115.22;1.43;0.33;0.02;0.35;0.65;;;0
FATN11;Híbrido;94.60;30;0.74;0.78;2.71;5.45;10.57;0.90;0.91;0.88;1.74;0.79;1.57;2.55;120479427.65;99.15;0.95;0.75;0.15;0.90;1.81;4.30;;7
NCRI11;Títulos e Valores Mobiliários;9.50;46;0.11;1.17;0.00;0.00;0.00;0.00;0.00;0.00;1.17;0.00;1.17;1.17;40104262.88;10.15;0.94;1.08;0.53;1.61;2.72;;;0
NCHB11;Títulos e Val Mob;81.77;2681;1.02;1.20;3.51;7.31;14.71;1.17;1.22;1.23;2.35;-1.70;-0.52;0.63;145806912.83;90.18;0.91;1.11;-1.14;-0.04;3.18;;;0
RBRL11;Logística;69.94;2768;0.58;0.79;2.50;4.70;9.16;0.83;0.78;0.76;1.70;3.01;3.82;4.77;704913202.09;105.41;0.66;0.55;-0.62;-0.07;0.54;0.00;0.00;6
RCRB11;Lajes Corporativas;109.50;3431;0.74;0.64;1.90;3.56;6.72;0.63;0.59;0.56;1.29;1.82;2.47;3.14;768769144.55;208.30;0.53;0.36;-0.08;0.27;0.62;28.40;;10
SEQR11;Outros;58.88;757;0.69;1.15;3.39;6.49;12.43;1.13;1.08;1.04;2.30;0.47;1.62;2.79;150446499.47;93.53;0.63;0.74;0.04;0.77;1.52;0.00;;0
DVFF11;Híbrido;63.70;211;0.70;1.02;3.18;6.25;12.59;1.06;1.04;1.05;2.06;1.48;2.52;3.58;96973773.60;88.09;0.72;0.79;-3.30;-2.54;-2.54;;;0
RECT11;Híbrido;50.52;6107;0.54;1.05;3.04;5.64;10.56;1.01;0.94;0.88;2.11;0.29;1.35;2.42;796296444.84;93.21;0.54;0.58;-0.23;0.35;0.93;15.10;;8
DRIT11B;Lajes Corporativas;85.00;2;0.45;0.52;1.80;3.88;6.67;0.60;0.65;0.56;1.05;-15.69;-15.25;-14.80;61244986.20;132.20;0.64;0.34;-0.12;0.22;0.22;10.47;;6
DCRA11;;8.89;14558;0.11;1.20;3.84;5.15;0.00;1.28;0.86;0.00;2.52;1.44;2.65;4.01;;;;;;;;;;0
EGAF11;;102.08;1351;1.20;1.18;0.00;0.00;0.00;0.00;0.00;0.00;2.63;-0.07;1.12;2.58;;;;;;;;;;0
FGAA11;;9.75;74734;0.13;1.31;4.15;5.55;0.00;1.38;0.93;0.00;2.73;0.71;2.03;3.48;;;;;;;;;;0
BRCR11;Híbrido;52.43;22987;0.46;0.81;2.45;4.70;9.17;0.82;0.78;0.76;1.68;4.03;4.87;5.78;267322814.44;100.35;0.52;0.50;0.15;0.65;-1.63;21.00;25.80;15
BMLC11;Lajes Corporativas;100.79;1104;0.69;0.68;2.33;4.64;9.20;0.78;0.77;0.77;1.32;-0.23;0.44;1.09;108966338.84;109.14;0.92;0.81;-0.05;0.76;4.10;7.00;;2
ONEF11;Lajes Corporativas;169.49;327;0.98;0.56;1.69;3.31;6.75;0.56;0.55;0.56;1.13;0.57;1.13;1.71;183590865.67;201.53;0.84;0.49;0.02;0.51;0.99;0.00;;1
RECR11;Títulos e Val Mob;81.51;32522;0.91;1.09;3.28;5.29;12.88;1.09;0.88;1.07;2.24;-2.57;-1.51;-0.38;2520748629.65;95.33;0.86;0.95;0.00;0.95;2.00;;;0
CEOC11;Lajes Corporativas;53.06;531;0.64;1.20;3.45;6.04;10.91;1.15;1.01;0.91;2.38;-3.34;-2.18;-1.03;14385334.17;78.80;0.67;;;;;0.00;;1
MGFF11;Títulos e Val Mob;52.65;11126;0.54;0.99;2.89;5.45;10.96;0.96;0.91;0.91;2.00;2.13;3.14;4.18;655755708.91;72.45;0.73;0.73;-6.10;-5.41;-2.96;;;0
BLMG11;Logística;62.36;6152;0.78;1.15;3.36;6.29;12.15;1.12;1.05;1.01;2.30;-0.98;0.16;1.31;360249343.75;94.54;0.66;0.83;-0.39;0.43;1.27;0.00;0.00;4
BCFF11;Títulos e Val Mob;61.35;29143;0.56;0.89;2.63;5.08;10.05;0.88;0.85;0.84;1.78;0.67;1.56;2.47;1903260829.67;75.57;0.81;0.74;-3.03;-2.31;1.30;;;0
GCRA11;Híbrido;93.40;5119;1.24;1.30;3.85;7.51;15.75;1.28;1.25;1.31;2.58;0.78;2.09;3.40;171337239.92;97.86;0.95;1.27;-0.18;1.08;2.34;;;0
VSLH11;Outros;6.85;46874;0.06;0.79;3.06;6.66;13.95;1.02;1.11;1.16;2.28;2.70;3.51;5.05;312670370.81;10.47;0.65;0.57;-0.12;0.45;1.50;;;0
FAED11;Outros;145.05;111;1.61;1.10;3.33;6.34;12.83;1.11;1.06;1.07;2.25;3.10;4.23;5.43;13975248.22;217.63;0.67;;;;;0.00;;3
CXCI11;;75.32;924;0.83;1.07;3.27;6.40;0.00;1.09;1.07;0.00;2.18;3.12;4.23;5.38;1860458.68;90.39;0.83;0.92;-0.52;0.39;1.31;;;0
RELG11;Híbrido;64.70;701;0.70;0.99;3.07;5.54;12.28;1.02;0.92;1.02;1.98;0.40;1.39;2.40;162376442.81;121.67;0.53;0.58;-0.19;0.39;0.96;10.40;10.40;3
MAXR11;Outros;63.80;719;0.54;0.86;2.37;4.84;9.40;0.79;0.81;0.78;1.40;7.60;8.53;9.11;13922535.82;123.50;0.52;0.26;0.00;0.26;0.26;2.80;;8
DEVA11;Títulos e Val Mob;70.15;30337;0.90;1.15;3.58;5.85;13.89;1.19;0.98;1.16;2.41;-10.76;-9.73;-8.60;1407508975.45;100.21;0.70;0.90;-0.94;-0.05;1.04;;;0
RBRP11;Outros;44.31;12999;0.27;0.60;1.75;3.58;8.12;0.58;0.60;0.68;1.18;-2.59;-2.00;-1.43;956878892.93;78.57;0.56;0.34;0.56;0.91;1.26;13.00;6.00;17
AGRX11;;10.80;6556;0.18;1.68;4.22;0.00;0.00;1.41;0.00;0.00;3.24;4.29;6.04;7.70;;;;;;;;;;0
ZAVI11;Híbrido;126.00;15;1.05;0.00;0.00;0.00;0.00;0.00;0.00;0.00;;0.00;0.00;0.00;11837889.50;127.40;0.99;0.82;0.00;0.82;0.82;;;0
CCME11;Outros;;;0.85;0.00;0.00;0.00;0.00;0.00;0.00;0.00;;0.00;0.00;0.00;;;;;;;;;;0
CVBI11;Títulos e Val Mob;88.38;17683;1.00;1.12;3.58;5.85;13.03;1.19;0.98;1.09;2.37;0.47;1.60;2.86;140785149.95;94.53;0.93;1.06;0.66;1.73;2.92;;;0
HOFC11;Lajes Corporativas;24.89;7392;0.11;0.00;0.00;0.00;0.00;0.00;0.00;0.00;;0.00;0.00;0.00;340546561.95;90.12;0.28;0.12;-0.45;-0.32;-0.20;46.00;50.00;4
HCTR11;Outros;69.00;49970;0.70;0.95;3.08;6.36;14.15;1.03;1.06;1.18;2.00;-23.01;-22.27;-21.46;2640778438.24;119.58;0.58;0.59;-0.81;-0.23;0.60;;;0
BLCA11;Lajes Corporativas;110.00;131;0.58;0.50;1.77;3.63;6.76;0.59;0.60;0.56;1.17;33.71;34.38;35.27;228125530.48;142.58;0.77;0.40;0.00;0.40;0.40;0.00;;1
CPFF11;Híbrido;57.73;2824;0.34;0.59;2.15;4.67;9.80;0.72;0.78;0.82;1.24;2.10;2.70;3.36;42946317.49;78.73;0.73;0.76;-2.56;-1.82;6.71;;;0
RVBI11;Títulos e Val Mob;69.30;2164;0.75;1.09;3.20;6.13;11.93;1.07;1.02;0.99;2.15;-1.66;-0.60;0.46;11753679.63;81.62;0.85;0.92;-1.04;-0.13;0.77;;;0
RBOP11;Outros;460.00;216;8.25;0.00;0.00;0.00;0.00;0.00;0.00;0.00;;0.00;0.00;0.00;78396590.65;771.13;0.60;1.07;0.02;1.09;2.17;0.00;;2
SNAG11;;100.56;9315;1.06;1.05;3.42;0.00;0.00;1.14;0.00;0.00;2.24;-0.30;0.75;1.95;300917926.62;100.31;1.00;1.06;-0.66;0.39;1.58;;;0
VGIA11;Títulos e Val Mob;9.78;285278;0.14;1.43;4.47;8.75;17.80;1.49;1.46;1.48;2.96;0.41;1.84;3.40;696376367.76;9.53;1.03;1.47;0.13;1.60;8.14;;;0
CPTR11;;96.30;13622;1.35;1.39;4.38;5.79;0.00;1.46;0.96;0.00;2.89;0.07;1.46;2.98;408344526.08;98.68;0.98;1.42;0.00;1.42;1.42;;;0
CPTS11;Títulos e Val Mob;74.88;54973;0.76;1.00;2.72;5.26;12.39;0.91;0.88;1.03;1.98;-0.24;0.76;1.75;2858127870.96;89.93;0.83;0.41;-1.83;-1.42;1.66;;;0
RBRF11;Títulos e Val Mob;62.13;30366;0.63;0.98;2.88;5.45;10.58;0.96;0.91;0.88;1.95;-2.10;-1.13;-0.18;1130629129.06;82.64;0.75;0.76;-4.16;-3.43;0.80;;;0
IRDM11;Títulos e Val Mob;85.28;64005;0.93;1.08;3.10;5.47;12.75;1.03;0.91;1.06;2.11;-5.91;-4.90;-3.91;3389714938.91;93.04;0.92;0.75;-1.77;-1.03;3.28;;;0
RBRY11;Títulos e Val Mob;97.34;9652;1.20;1.27;3.65;6.76;14.27;1.22;1.13;1.19;2.48;-1.30;-0.04;1.16;553436918.69;99.78;0.98;1.15;0.00;1.15;1.15;;;0
RBRR11;Títulos e Val Mob;84.97;37117;0.95;1.12;3.29;5.62;12.57;1.10;0.94;1.05;2.26;2.47;3.61;4.79;1269607818.89;94.47;0.90;1.01;0.00;1.01;1.01;;;0
MCHF11;Títulos e Val Mob;8.74;62620;0.10;1.14;3.40;7.06;14.07;1.13;1.18;1.17;2.30;1.50;2.66;3.85;302861569.80;9.37;0.93;1.17;-1.49;-0.33;0.21;;;0
VGIR11;Títulos e Val Mob;9.50;263527;0.12;1.25;3.75;7.68;15.14;1.25;1.28;1.26;2.61;0.21;1.46;2.84;993272195.20;9.62;0.99;1.35;-0.20;1.15;-89.14;;;0
MORE11;Títulos e Val Mob;59.94;3335;0.60;0.98;2.91;5.45;11.63;0.97;0.91;0.97;2.07;0.64;1.63;2.74;193189471.08;83.30;0.72;0.72;-5.04;-4.36;-2.74;;;0
MGHT11;Hotel;60.13;1136;0.80;1.31;3.82;7.05;13.87;1.27;1.17;1.16;2.67;4.00;5.36;6.80;112466978.44;85.61;0.70;0.76;-0.45;0.30;-6.08;;;0
TRNT11;Lajes Corporativas;97.00;249;0.47;0.44;1.03;1.96;4.03;0.34;0.33;0.34;0.76;-14.31;-13.93;-13.66;774860922.43;196.89;0.49;;;;;49.90;;1
VGIP11;Outros;80.90;22894;0.87;1.06;3.02;4.57;12.83;1.01;0.76;1.07;2.05;1.36;2.44;3.45;168757358.59;90.67;0.89;0.50;-1.78;-1.29;8.00;;;0
GAME11;Híbrido;8.28;10878;0.10;1.16;3.46;6.71;14.70;1.15;1.12;1.22;2.32;-0.81;0.35;1.50;213869218.74;9.86;0.84;1.01;0.23;1.25;1.25;;;0
MCCI11;Títulos e Val Mob;89.11;50270;0.95;1.13;3.52;7.00;13.49;1.17;1.17;1.12;2.25;-0.84;0.28;1.41;1348562788.74;92.40;0.96;1.19;-2.01;-0.85;3.25;;;0
GCRI11;Títulos e Val Mob;89.31;1601;1.10;1.21;3.63;7.13;15.63;1.21;1.19;1.30;2.44;1.05;2.28;3.53;112371669.04;94.37;0.95;;;;;;;0
IBCR11;Títulos e Val Mob;77.61;431;1.00;1.32;3.36;6.58;14.81;1.12;1.10;1.23;2.52;0.63;1.96;3.18;91539316.32;95.51;0.81;0.84;-0.91;-0.08;9.49;;;0
HCRI11;Hospital;238.99;76;2.69;1.12;3.75;6.83;11.44;1.25;1.14;0.95;2.22;5.19;6.37;7.54;61592370.00;307.96;0.78;;;;;0.00;;1
NAVT11;Títulos e Val Mob;70.08;3058;0.85;1.19;3.56;6.87;13.74;1.19;1.15;1.15;2.39;0.51;1.70;2.92;94740518.92;89.84;0.78;0.95;-3.92;-3.02;0.49;;;0
MGCR11;Títulos e Val Mob;79.83;1825;0.86;1.09;3.31;6.85;15.21;1.10;1.14;1.27;2.19;0.68;1.78;2.90;127904113.96;89.93;0.89;1.00;-2.99;-2.02;4.14;;;0
BRLA11;Híbrido;140.10;1;1.09;0.79;2.31;14.97;18.65;0.77;2.49;1.55;1.55;-2.90;-2.14;-1.39;426827499.46;157.77;0.89;0.69;0.04;0.74;-8.63;;;0
IRIM11;Híbrido;88.00;361;1.02;1.14;3.26;5.83;13.83;1.09;0.97;1.15;2.26;-1.48;-0.36;0.76;186681888.44;97.23;0.91;0.74;-1.35;-0.62;2.72;;;0
OURE11;Títulos e Val Mob;73.39;489;0.95;1.28;3.83;7.63;15.49;1.28;1.27;1.29;2.62;0.30;1.58;2.95;97391495.28;90.42;0.81;1.05;-0.11;0.94;2.06;;;0
RECX11;Outros;63.40;1;0.70;1.08;3.02;6.04;11.73;1.01;1.01;0.98;2.17;0.86;1.95;3.05;1759567.76;78.14;0.81;;;;;;;0
OUFF11;Títulos e Val Mob;60.12;2481;0.70;1.14;3.34;6.52;13.25;1.11;1.09;1.10;2.25;-1.88;-0.76;0.34;131794527.70;72.64;0.83;0.96;-1.46;-0.51;0.43;;;0
GCFF11;Títulos e Val Mob;67.01;473;0.75;1.11;3.14;6.17;12.52;1.05;1.03;1.04;2.12;-1.96;-0.87;0.14;26903483.90;79.46;0.84;0.88;0.00;0.88;0.88;;;0
WTSP11B;Híbrido;34.90;1;0.23;0.62;1.95;4.48;7.60;0.65;0.75;0.63;1.19;6.02;6.68;7.29;71895390.14;72.43;0.48;0.32;-0.05;0.27;0.54;;;0
AFHI11;Títulos e Val Mob;93.35;4410;1.06;1.12;3.27;6.30;14.24;1.09;1.05;1.19;2.24;0.57;1.70;2.84;286309475.82;94.82;0.98;1.01;-0.94;0.06;5.00;;;0
OULG11;Outros;37.00;1557;0.41;1.07;3.07;4.21;8.98;1.02;0.70;0.75;2.12;-3.20;-2.16;-1.14;166543855.37;67.12;0.55;0.61;-0.14;0.47;1.08;0.00;;2
SNID11;Renda;100.97;1996;0.04;0.04;0.00;0.00;0.00;0.00;0.00;0.00;0.04;0.00;0.04;0.04;;;;;;;;;;0
MCHY11;Títulos e Val Mob;110.00;217;1.40;1.27;3.82;9.69;17.33;1.27;1.61;1.44;2.55;0.00;1.27;2.56;357847552.23;99.69;1.10;3.41;-3.72;-0.43;9.03;;;0
NCRA11;;10.39;13622;0.15;1.44;5.66;6.92;0.00;1.89;1.15;0.00;2.84;-88.74;-88.58;-88.42;;;;;;;;;;0
SNCI11;Títulos e Val Mob;96.16;4870;1.00;1.04;3.08;6.07;13.65;1.03;1.01;1.14;2.07;-0.91;0.12;1.15;408717519.54;97.31;0.99;1.03;-0.94;0.08;8.67;;;0
SNFF11;Títulos e Val Mob;82.75;3744;0.65;0.77;2.43;5.33;10.53;0.81;0.89;0.88;1.52;-3.47;-2.72;-2.00;251391286.35;88.83;0.93;1.46;-4.82;-3.43;1.12;;;0
MATV11;Títulos e Val Mob;79.99;2;0.60;0.74;3.18;5.84;13.27;1.06;0.97;1.11;1.98;0.01;0.75;2.00;39226174.04;92.09;0.87;0.87;-1.34;-0.49;-0.81;;;0
BLMC11;Outros;73.76;12;0.87;1.18;3.28;5.87;13.56;1.09;0.98;1.13;2.26;-1.97;-0.81;0.26;38382613.19;96.08;0.77;0.84;0.00;0.84;0.84;;;0
BTLG11;Logística;92.65;59794;0.74;0.79;2.35;4.59;8.99;0.78;0.77;0.75;1.58;0.53;1.32;2.12;289628167.96;99.19;0.93;0.75;0.09;0.84;4.82;;2.00;16
RZAK11;Títulos e Val Mob;94.00;25718;1.20;1.30;3.98;8.38;18.11;1.33;1.40;1.51;2.52;-6.43;-5.21;-4.05;360999586.28;92.64;1.01;1.62;-0.41;1.20;7.90;;;0
ALZM11;Títulos e Val Mob;84.46;1114;0.85;1.01;2.11;3.29;10.40;0.70;0.55;0.87;2.11;5.63;6.70;7.87;66447316.94;96.13;0.88;;;;;;;0
XPML11;Shoppings;96.45;52841;0.78;0.81;2.51;4.80;8.99;0.84;0.80;0.75;1.60;-0.67;0.13;0.93;243149515.97;95.86;1.01;0.81;-5.35;-4.58;-4.58;3.90;;16
MORC11;Títulos e Val Mob;90.62;4579;1.10;1.20;3.53;7.08;15.58;1.18;1.18;1.30;2.38;-4.88;-3.74;-2.60;125287392.96;96.98;0.93;1.13;-0.73;0.40;3.30;;;0
EQIR11;Títulos e Val Mob;8.80;3649;0.11;1.24;3.60;7.03;23.99;1.20;1.17;2.00;2.47;-0.11;1.12;2.37;4965462.53;9.76;0.90;;;;;;;0
ALZR11;Logística;113.11;9032;0.82;0.74;2.15;4.16;12.35;0.72;0.69;1.03;1.46;0.09;0.83;1.56;740337456.78;106.94;1.06;0.68;-0.03;0.65;7.26;0.00;;15
BTAL11;Outros;83.97;5762;0.83;0.97;2.77;5.41;10.52;0.92;0.90;0.88;1.90;-3.45;-2.52;-1.61;633527504.16;105.89;0.79;0.78;-0.43;0.35;8.41;;;7
FCFL11;Outros;105.00;12677;0.81;0.80;2.20;4.17;8.53;0.73;0.70;0.71;1.52;-9.62;-8.89;-8.24;403561990.48;116.17;0.90;0.69;0.00;0.69;0.69;0.00;;1
XPIN11;Outros;68.99;5414;0.65;0.94;2.74;5.25;10.01;0.91;0.87;0.83;1.86;-2.24;-1.32;-0.41;741738206.50;103.73;0.67;0.63;0.23;0.86;1.49;17.30;12.00;5
CCRF11;Títulos e Val Mob;78.02;15;0.50;0.63;2.78;4.81;12.03;0.93;0.80;1.00;2.23;-8.80;-8.22;-6.75;149178347.27;94.90;0.82;1.45;0.00;1.45;1.45;;;0
ERCR11;Híbrido;7600.00;1;1205.12;0.00;0.00;0.00;0.00;0.00;0.00;0.00;;0.00;0.00;0.00;154744932.02;65128.34;1.17;1.76;0.00;1.76;1.76;;;0
LASC11;Shoppings;100.00;26;4.25;4.13;5.61;8.29;11.85;1.87;1.38;0.99;4.90;0.98;5.15;5.96;312550406.70;106.30;0.94;0.74;0.00;0.74;0.74;2.40;;3
LFTT11;Residencial;68.30;448;1.32;1.94;17.80;0.00;0.00;5.93;0.00;0.00;17.80;-7.69;-5.90;9.64;283216343.77;38.25;1.79;13.37;0.00;13.37;13.37;;;0
CNES11;Lajes Corporativas;29.75;117;0.11;0.39;1.36;2.43;4.07;0.45;0.40;0.34;0.79;-7.03;-6.67;-6.29;263957120.08;89.50;0.33;0.12;2.57;2.70;4.26;56.70;;1
